image,name
images/image1_small.jpg,Ella Princess Gown
images/image2_small.jpg,Cora Set (Blue)
images/image3_small.jpg,Cora Set (Pink)
images/image4_small.jpg,Ava Set
images/image5_small.jpg,Harper Set (Lemon)
images/image6_small.jpg,Ruby Set
images/image7_small.jpg,Ella Semi-Pyjama
images/image8_small.jpg,Grace Nightie
images/image9_small.jpg,Isabella Nightdress (Blue Check)
images/image9_small.jpg,Isabella Nightdress (Pink Check)
images/image10_small.jpg,Mia Shirt (Blue)
images/image10_small.jpg,Mia Shirt (Lilac)
images/image11_small.jpg,Ella Suzy 90
images/image12_small.jpg,India Nightdress (Lemon/Cream)
images/image13_small.jpg,Emilia Nightdress (Pink Check)
images/image14_small.jpg,Charlotte LR Suzy 90
images/image15_small.jpg,Eliana LR Suzy 90
images/image16_small.jpg,Cora LR Suzy 90
images/image17_small.jpg,Jack Boys PJ (Blue/Brown)
images/image18_small.jpg,Oliver Gary Long PJ
images/image19_small.jpg,Thomas Shorty PJ
images/image20_small.jpg,Maisie Baby Set
images/image21_small.jpg,Olivia Ladies Long PJs (Pink)
images/image22_small.jpg,Aria Ladies Long PJs (Light Blue)
images/image23_small.jpg,Layla Ladies Short PJs
images/image24_small.jpg,Layla Ladies Short Nighty
images/image25_small.jpg,Sophia Shirt (Off-White)
images/image25_small.jpg,Sophia Shirt (Blue)
images/image26_small.jpg,Summer Dressing Gown (Lilac)
images/image26_small.jpg,Summer Dressing Gown (Lemon)
images/image26_small.jpg,Summer Dressing Gown (Blue)
images/image27_small.jpg,Maya Gown (Leopard)
images/image28_small.jpg,Josh Gown (Check)
images/image29_small.jpg,Jack Gown (Brown)
images/image30_small.jpg,Fireman Raincoat (No Hat)
images/image31_small.jpg,Candy Raincoat + Hat
images/image32_small.jpg,Candy Raincoat (No Hat)
images/image33_small.jpg,Fireman Raincoat + Hat
