SKU,Expected_Image,Found,Suggested_Match,Reason
MM_0001,mm_0001.jpg,N,placeholder.webp,No match found - using placeholder
MM_0002,mm_0002.jpg,N,placeholder.webp,No match found - using placeholder
MM_0003,mm_0003.jpg,N,placeholder.webp,No match found - using placeholder
MM_0004,mm_0004.jpg,N,placeholder.webp,No match found - using placeholder
MM_0005,mm_0005.jpg,N,placeholder.webp,No match found - using placeholder
MM_0006,mm_0006.jpg,N,placeholder.webp,No match found - using placeholder
MM_0007,mm_0007.jpg,N,placeholder.webp,No match found - using placeholder
MM_0008,mm_0008.jpg,N,placeholder.webp,No match found - using placeholder
MM_0009,mm_0009.jpg,N,placeholder.webp,No match found - using placeholder
MM_0010,mm_0010.jpg,N,placeholder.webp,No match found - using placeholder
MM_0011,mm_0011.jpg,N,placeholder.webp,No match found - using placeholder
MM_0012,mm_0012.jpg,N,placeholder.webp,No match found - using placeholder
MM_0013,mm_0013.jpg,N,placeholder.webp,No match found - using placeholder
MM_0014,mm_0014.jpg,N,placeholder.webp,No match found - using placeholder
MM_0015,mm_0015.jpg,N,placeholder.webp,No match found - using placeholder
MM_0016,mm_0016.jpg,N,placeholder.webp,No match found - using placeholder
MM_0017,mm_0017.jpg,N,placeholder.webp,No match found - using placeholder
MM_0018,mm_0018.jpg,N,placeholder.webp,No match found - using placeholder
MM_0019,mm_0019.jpg,N,placeholder.webp,No match found - using placeholder
MM_0020,mm_0020.jpg,N,placeholder.webp,No match found - using placeholder
MM_0021,mm_0021.jpg,N,placeholder.webp,No match found - using placeholder
MM_0022,mm_0022.jpg,N,placeholder.webp,No match found - using placeholder
MM_0023,mm_0023.jpg,N,placeholder.webp,No match found - using placeholder
MM_0024,mm_0024.jpg,N,placeholder.webp,No match found - using placeholder
MM_0025,mm_0025.jpg,N,placeholder.webp,No match found - using placeholder
MM_0026,mm_0026.jpg,N,placeholder.webp,No match found - using placeholder
MM_0027,mm_0027.jpg,N,placeholder.webp,No match found - using placeholder
MM_0028,mm_0028.jpg,N,placeholder.webp,No match found - using placeholder
MM_0029,mm_0029.jpg,N,placeholder.webp,No match found - using placeholder
MM_0030,mm_0030.jpg,N,placeholder.webp,No match found - using placeholder
MM_0031,mm_0031.jpg,N,placeholder.webp,No match found - using placeholder
MM_0032,mm_0032.jpg,N,placeholder.webp,No match found - using placeholder
MM_0033,mm_0033.jpg,N,placeholder.webp,No match found - using placeholder
MM_0034,mm_0034.jpg,N,placeholder.webp,No match found - using placeholder
MM_0035,mm_0035.jpg,N,placeholder.webp,No match found - using placeholder
MM_0036,mm_0036.jpg,N,placeholder.webp,No match found - using placeholder
MM_0037,mm_0037.jpg,N,placeholder.webp,No match found - using placeholder
MM_0038,mm_0038.jpg,N,placeholder.webp,No match found - using placeholder
MM_0039,mm_0039.jpg,N,placeholder.webp,No match found - using placeholder
MM_0040,mm_0040.jpg,N,placeholder.webp,No match found - using placeholder
MM_0041,mm_0041.jpg,N,placeholder.webp,No match found - using placeholder
MM_0042,mm_0042.jpg,N,placeholder.webp,No match found - using placeholder
MM_0043,mm_0043.jpg,N,placeholder.webp,No match found - using placeholder
MM_0044,mm_0044.jpg,N,placeholder.webp,No match found - using placeholder
MM_0045,mm_0045.jpg,N,placeholder.webp,No match found - using placeholder
MM_0046,mm_0046.jpg,N,placeholder.webp,No match found - using placeholder
MM_0047,mm_0047.jpg,N,placeholder.webp,No match found - using placeholder
MM_0048,mm_0048.jpg,N,placeholder.webp,No match found - using placeholder
MM_0049,mm_0049.jpg,N,placeholder.webp,No match found - using placeholder
MM_0050,mm_0050.jpg,N,placeholder.webp,No match found - using placeholder
MM_0051,mm_0051.jpg,N,placeholder.webp,No match found - using placeholder
MM_0052,mm_0052.jpg,N,placeholder.webp,No match found - using placeholder
MM_0053,mm_0053.jpg,N,placeholder.webp,No match found - using placeholder
MM_0054,mm_0054.jpg,N,placeholder.webp,No match found - using placeholder
MM_0055,mm_0055.jpg,N,placeholder.webp,No match found - using placeholder
MM_0056,mm_0056.jpg,N,placeholder.webp,No match found - using placeholder
MM_0057,mm_0057.jpg,N,placeholder.webp,No match found - using placeholder
MM_0058,mm_0058.jpg,N,placeholder.webp,No match found - using placeholder
MM_0059,mm_0059.jpg,N,placeholder.webp,No match found - using placeholder
MM_0060,mm_0060.jpg,N,placeholder.webp,No match found - using placeholder
MM_0061,mm_0061.jpg,N,placeholder.webp,No match found - using placeholder
MM_0062,mm_0062.jpg,N,placeholder.webp,No match found - using placeholder
MM_0063,mm_0063.jpg,N,placeholder.webp,No match found - using placeholder
MM_0064,mm_0064.jpg,N,placeholder.webp,No match found - using placeholder
MM_0065,mm_0065.jpg,N,placeholder.webp,No match found - using placeholder
MM_0066,mm_0066.jpg,N,placeholder.webp,No match found - using placeholder
MM_0067,mm_0067.jpg,N,placeholder.webp,No match found - using placeholder
MM_0068,mm_0068.jpg,N,placeholder.webp,No match found - using placeholder
MM_0069,mm_0069.jpg,N,placeholder.webp,No match found - using placeholder
MM_0070,mm_0070.jpg,N,placeholder.webp,No match found - using placeholder
MM_0071,mm_0071.jpg,N,placeholder.webp,No match found - using placeholder
MM_0072,mm_0072.jpg,N,placeholder.webp,No match found - using placeholder
MM_0073,mm_0073.jpg,N,placeholder.webp,No match found - using placeholder
MM_0074,mm_0074.jpg,N,placeholder.webp,No match found - using placeholder
MM_0075,mm_0075.jpg,N,placeholder.webp,No match found - using placeholder
MM_0076,mm_0076.jpg,N,placeholder.webp,No match found - using placeholder
MM_0077,mm_0077.jpg,N,placeholder.webp,No match found - using placeholder
MM_0078,mm_0078.jpg,N,placeholder.webp,No match found - using placeholder
MM_0079,mm_0079.jpg,N,placeholder.webp,No match found - using placeholder
MM_0080,mm_0080.jpg,N,placeholder.webp,No match found - using placeholder
MM_0081,mm_0081.jpg,N,placeholder.webp,No match found - using placeholder
MM_0082,mm_0082.jpg,N,placeholder.webp,No match found - using placeholder
MM_0083,mm_0083.jpg,N,placeholder.webp,No match found - using placeholder
MM_0084,mm_0084.jpg,N,placeholder.webp,No match found - using placeholder
MM_0085,mm_0085.jpg,N,placeholder.webp,No match found - using placeholder
MM_0086,mm_0086.jpg,N,placeholder.webp,No match found - using placeholder
MM_0087,mm_0087.jpg,N,placeholder.webp,No match found - using placeholder
MM_0088,mm_0088.jpg,N,placeholder.webp,No match found - using placeholder
MM_0089,mm_0089.jpg,N,placeholder.webp,No match found - using placeholder
MM_0090,mm_0090.jpg,N,placeholder.webp,No match found - using placeholder
MM_0091,mm_0091.jpg,N,placeholder.webp,No match found - using placeholder
MM_0092,mm_0092.jpg,N,placeholder.webp,No match found - using placeholder
MM_0093,mm_0093.jpg,N,placeholder.webp,No match found - using placeholder
MM_0094,mm_0094.jpg,N,placeholder.webp,No match found - using placeholder
MM_0095,mm_0095.jpg,N,placeholder.webp,No match found - using placeholder
MM_0096,mm_0096.jpg,N,placeholder.webp,No match found - using placeholder
MM_0097,mm_0097.jpg,N,placeholder.webp,No match found - using placeholder
MM_0098,mm_0098.jpg,N,placeholder.webp,No match found - using placeholder
MM_0099,mm_0099.jpg,N,placeholder.webp,No match found - using placeholder
MM_0100,mm_0100.jpg,N,placeholder.webp,No match found - using placeholder
MM_0101,mm_0101.jpg,N,placeholder.webp,No match found - using placeholder
MM_0102,mm_0102.jpg,N,placeholder.webp,No match found - using placeholder
MM_0103,mm_0103.jpg,N,placeholder.webp,No match found - using placeholder
MM_0104,mm_0104.jpg,N,placeholder.webp,No match found - using placeholder
MM_0105,mm_0105.jpg,N,placeholder.webp,No match found - using placeholder
MM_0106,mm_0106.jpg,N,placeholder.webp,No match found - using placeholder
MM_0107,mm_0107.jpg,N,placeholder.webp,No match found - using placeholder
MM_0108,mm_0108.jpg,N,placeholder.webp,No match found - using placeholder
MM_0109,mm_0109.jpg,N,placeholder.webp,No match found - using placeholder
MM_0110,mm_0110.jpg,N,placeholder.webp,No match found - using placeholder
MM_0111,mm_0111.jpg,N,placeholder.webp,No match found - using placeholder
MM_0112,mm_0112.jpg,N,placeholder.webp,No match found - using placeholder
MM_0113,mm_0113.jpg,N,placeholder.webp,No match found - using placeholder
MM_0114,mm_0114.jpg,N,placeholder.webp,No match found - using placeholder
MM_0115,mm_0115.jpg,N,placeholder.webp,No match found - using placeholder
MM_0116,mm_0116.jpg,N,placeholder.webp,No match found - using placeholder
MM_0117,mm_0117.jpg,N,placeholder.webp,No match found - using placeholder
MM_0118,mm_0118.jpg,N,placeholder.webp,No match found - using placeholder
MM_0119,mm_0119.jpg,N,placeholder.webp,No match found - using placeholder
MM_0120,mm_0120.jpg,N,placeholder.webp,No match found - using placeholder
MM_0121,mm_0121.jpg,N,placeholder.webp,No match found - using placeholder
MM_0122,mm_0122.jpg,N,placeholder.webp,No match found - using placeholder
MM_0123,mm_0123.jpg,N,placeholder.webp,No match found - using placeholder
MM_0124,mm_0124.jpg,N,placeholder.webp,No match found - using placeholder
MM_0125,mm_0125.jpg,N,placeholder.webp,No match found - using placeholder
MM_0126,mm_0126.jpg,N,placeholder.webp,No match found - using placeholder
MM_0127,mm_0127.jpg,N,placeholder.webp,No match found - using placeholder
MM_0128,mm_0128.jpg,N,placeholder.webp,No match found - using placeholder
MM_0129,mm_0129.jpg,N,placeholder.webp,No match found - using placeholder
MM_0130,mm_0130.jpg,N,placeholder.webp,No match found - using placeholder
MM_0131,mm_0131.jpg,N,placeholder.webp,No match found - using placeholder
MM_0132,mm_0132.jpg,N,placeholder.webp,No match found - using placeholder
MM_0133,mm_0133.jpg,N,placeholder.webp,No match found - using placeholder
MM_0134,mm_0134.jpg,N,placeholder.webp,No match found - using placeholder
MM_0135,mm_0135.jpg,N,placeholder.webp,No match found - using placeholder
MM_0136,mm_0136.jpg,N,placeholder.webp,No match found - using placeholder
MM_0137,mm_0137.jpg,N,placeholder.webp,No match found - using placeholder
MM_0138,mm_0138.jpg,N,placeholder.webp,No match found - using placeholder
MM_0139,mm_0139.jpg,N,placeholder.webp,No match found - using placeholder
MM_0140,mm_0140.jpg,N,placeholder.webp,No match found - using placeholder
MM_0141,mm_0141.jpg,N,placeholder.webp,No match found - using placeholder
MM_0142,mm_0142.jpg,N,placeholder.webp,No match found - using placeholder
MM_0143,mm_0143.jpg,N,placeholder.webp,No match found - using placeholder
MM_0144,mm_0144.jpg,N,placeholder.webp,No match found - using placeholder
MM_0145,mm_0145.jpg,N,placeholder.webp,No match found - using placeholder
MM_0146,mm_0146.jpg,N,placeholder.webp,No match found - using placeholder
MM_0147,mm_0147.jpg,N,placeholder.webp,No match found - using placeholder
MM_0148,mm_0148.jpg,N,placeholder.webp,No match found - using placeholder
MM_0149,mm_0149.jpg,N,placeholder.webp,No match found - using placeholder
MM_0150,mm_0150.jpg,N,placeholder.webp,No match found - using placeholder
MM_0151,mm_0151.jpg,N,placeholder.webp,No match found - using placeholder
MM_0152,mm_0152.jpg,N,placeholder.webp,No match found - using placeholder
MM_0153,mm_0153.jpg,N,placeholder.webp,No match found - using placeholder
MM_0154,mm_0154.jpg,N,placeholder.webp,No match found - using placeholder
MM_0155,mm_0155.jpg,N,placeholder.webp,No match found - using placeholder
MM_0156,mm_0156.jpg,N,placeholder.webp,No match found - using placeholder
MM_0157,mm_0157.jpg,N,placeholder.webp,No match found - using placeholder
MM_0158,mm_0158.jpg,N,placeholder.webp,No match found - using placeholder
MM_0159,mm_0159.jpg,N,placeholder.webp,No match found - using placeholder
MM_0160,mm_0160.jpg,N,placeholder.webp,No match found - using placeholder
MM_0161,mm_0161.jpg,N,placeholder.webp,No match found - using placeholder
MM_0162,mm_0162.jpg,N,placeholder.webp,No match found - using placeholder
MM_0163,mm_0163.jpg,N,placeholder.webp,No match found - using placeholder
MM_0164,mm_0164.jpg,N,placeholder.webp,No match found - using placeholder
MM_0165,mm_0165.jpg,N,placeholder.webp,No match found - using placeholder
MM_0166,mm_0166.jpg,N,placeholder.webp,No match found - using placeholder
MM_0167,mm_0167.jpg,N,placeholder.webp,No match found - using placeholder
MM_0168,mm_0168.jpg,N,placeholder.webp,No match found - using placeholder
